weather_severity,system_load,staffing_level,incident_type,delay_minutes,disruption,estimated_cost
2,Low,Low,Major,157,1,10003.55
3,High,Adequate,Major,163,1,10706.04
0,Medium,Adequate,None,112,0,6889.73
2,Medium,Adequate,Minor,85,1,8803.15
2,Low,Adequate,None,113,0,6244.51
3,High,Adequate,None,123,1,9608.56
0,Medium,Adequate,None,48,0,2992.44
0,Medium,Adequate,None,75,0,3378.53
2,High,Low,None,54,1,8927.01
1,High,Adequate,Minor,55,1,7875.52
2,Low,Adequate,None,94,0,4567.31
2,Medium,Adequate,Minor,43,1,7880.82
2,Low,Adequate,None,158,0,9378.43
2,High,Adequate,None,86,1,8455.71
3,Low,Adequate,None,83,0,5373.05
0,Medium,Adequate,None,150,0,7879.69
3,High,Adequate,None,155,1,12612.55
3,High,Adequate,None,15,1,7883.96
3,Medium,Low,None,164,1,16851.69
2,High,Adequate,None,148,1,12159.7
1,Low,Low,None,144,0,8826.06
0,High,Adequate,Major,36,1,5964.04
1,Low,Adequate,None,76,0,4221.51
3,Medium,Adequate,Minor,146,1,12955.68
3,High,Adequate,Minor,157,1,13439.84
1,Low,Adequate,Major,44,1,8453.69
1,Low,Adequate,Minor,145,0,10012.62
1,High,Adequate,None,61,0,3429.21
3,High,Adequate,Minor,163,1,12917.37
3,Medium,Low,Major,99,1,10448.56
0,Medium,Low,None,51,0,3070.62
0,Medium,Adequate,None,18,0,755.05
3,Low,Adequate,None,108,0,5828.95
1,Medium,Low,Minor,43,1,5075.92
1,Low,Low,Minor,6,1,6460.86
0,High,Low,None,171,1,13758.42
3,Medium,Adequate,None,116,1,14531.59
0,Medium,Low,None,67,0,3397.11
0,Medium,Adequate,None,33,0,1482.63
2,High,Low,Major,68,1,8536.79
2,Low,Adequate,None,54,0,3504.93
2,Medium,Low,None,9,1,7735.32
1,Medium,Low,None,41,1,5216.16
3,Medium,Adequate,Minor,40,1,10423.53
3,Low,Low,None,121,1,15611.69
3,High,Low,Minor,137,1,12018.03
3,High,Low,None,9,1,6088.62
2,Medium,Low,None,101,1,12555.06
1,Medium,Low,None,127,1,13168.45
1,High,Low,None,178,1,18524.51
2,High,Adequate,None,148,1,13094.72
1,Low,Adequate,Major,135,1,11102.4
2,Medium,Adequate,Minor,91,1,10373.19
3,Medium,Low,Major,112,1,10321.66
2,Medium,Adequate,None,77,0,3649.78
3,High,Adequate,Major,84,1,8041.53
3,High,Low,None,29,1,8820.04
0,High,Adequate,None,48,0,2722.44
2,Medium,Low,None,8,1,5468.65
0,Low,Low,None,144,0,6968.59
2,High,Adequate,Minor,68,1,8873.28
2,High,Adequate,None,57,1,6183.2
0,Low,Adequate,None,61,0,3197.01
0,High,Adequate,Minor,51,1,10195.96
2,High,Adequate,None,39,1,7578.95
1,Medium,Low,None,165,1,16956.75
3,Medium,Low,None,170,1,15461.08
0,Medium,Adequate,Minor,62,0,3406.63
3,Low,Adequate,Minor,146,1,12735.62
1,Medium,Adequate,None,49,0,2607.69
1,High,Adequate,None,160,0,10513.36
1,Low,Adequate,None,140,0,8473.68
0,Medium,Adequate,Minor,77,0,5118.44
1,Medium,Low,None,96,1,8771.71
0,Medium,Adequate,None,42,0,2780.44
1,High,Adequate,None,176,0,7355.54
3,Medium,Adequate,None,35,1,10293.49
3,Medium,Low,None,121,1,9686.3
2,High,Adequate,Minor,107,1,12270.17
3,Medium,Low,None,9,1,5472.14
2,Low,Low,None,94,1,11873.83
3,Medium,Low,Minor,5,1,7610.42
0,Low,Adequate,Minor,56,0,2831.75
3,Low,Adequate,None,128,0,8409.24
2,Medium,Low,None,70,1,6878.21
2,Medium,Adequate,None,20,0,919.49
1,High,Adequate,Major,91,1,9023.69
0,Medium,Adequate,None,126,0,6497.39
3,Medium,Low,Major,79,1,8935.86
1,Medium,Adequate,Minor,55,0,3457.19
3,Low,Adequate,None,115,0,6342.65
3,Medium,Low,None,147,1,16477.9
1,Low,Low,None,24,0,1295.0
1,High,Adequate,None,155,0,6470.81
1,Low,Adequate,None,4,0,191.47
1,Medium,Adequate,Minor,119,0,6316.77
1,Low,Adequate,Major,20,1,5197.47
3,High,Adequate,None,17,1,8429.99
1,Medium,Adequate,Minor,174,0,10962.95
0,Medium,Low,None,56,0,2690.72
2,Low,Adequate,None,92,0,5310.62
1,High,Adequate,None,18,0,1109.58
1,Low,Adequate,Minor,127,0,8666.27
3,High,Adequate,Major,96,1,12362.72
1,Low,Adequate,Minor,130,0,7209.25
1,Low,Low,None,169,0,10687.49
1,Low,Adequate,None,20,0,1137.29
3,Medium,Low,None,39,1,7755.45
1,Medium,Adequate,None,66,0,2867.19
2,Low,Low,Minor,152,1,11451.88
3,High,Low,Minor,126,1,12418.43
2,Medium,Adequate,Minor,54,1,7413.13
3,Medium,Low,None,179,1,13478.0
1,Medium,Adequate,None,171,0,10548.17
2,Medium,Adequate,None,108,0,4425.26
3,Medium,Low,None,97,1,10519.3
0,Low,Low,None,111,0,6235.52
1,Low,Adequate,Minor,114,0,7873.35
3,High,Low,Minor,116,1,12969.41
0,High,Adequate,None,86,0,3604.09
3,Medium,Adequate,None,80,1,8918.41
0,Low,Adequate,None,65,0,4240.14
1,Medium,Adequate,None,18,0,1258.3
2,Medium,Adequate,Minor,134,1,13105.05
0,Low,Adequate,None,117,0,5804.25
3,Low,Low,None,41,1,10224.05
1,High,Low,None,41,1,7524.27
0,Medium,Adequate,Major,58,1,9737.59
3,Low,Adequate,None,19,0,991.26
3,Low,Adequate,None,72,0,2968.74
3,Low,Adequate,None,16,0,806.7
0,Medium,Adequate,Minor,26,0,1246.88
0,Low,Adequate,Major,174,1,15116.06
0,Low,Adequate,None,1,0,68.46
2,High,Low,Major,62,1,8320.87
0,Low,Adequate,Major,61,1,9916.51
0,Medium,Adequate,Major,99,1,7279.27
0,Low,Adequate,Minor,18,0,1010.59
2,Low,Adequate,Minor,16,0,673.86
0,Low,Adequate,None,68,0,4625.43
3,High,Adequate,Minor,166,1,17931.93
0,High,Low,None,116,1,14842.93
3,High,Adequate,Minor,80,1,11362.59
3,Medium,Low,None,38,1,6066.36
3,Medium,Adequate,Minor,35,1,9946.64
2,Low,Low,Minor,167,1,15838.17
2,Low,Low,None,172,1,15419.98
2,High,Low,Minor,131,1,14880.96
0,Low,Adequate,None,152,0,6613.81
3,Low,Adequate,Minor,157,1,15426.24
2,Low,Low,None,28,1,7772.48
2,Low,Low,None,50,1,6890.44
0,Low,Adequate,Major,151,1,12280.73
2,Medium,Low,None,13,1,7204.27
0,Medium,Adequate,Minor,68,0,2740.5
1,High,Adequate,None,145,0,6647.56
2,High,Adequate,None,169,1,16161.05
1,Medium,Low,None,56,1,10756.61
0,Low,Adequate,None,11,0,566.59
3,Medium,Adequate,None,16,1,7804.65
2,Medium,Adequate,None,29,0,1781.79
0,Low,Low,None,87,0,5055.9
3,Medium,Adequate,None,98,1,8940.97
3,Medium,Low,Major,22,1,5521.2
1,Medium,Adequate,Major,128,1,10530.17
0,Medium,Adequate,None,78,0,5380.49
3,Low,Adequate,Minor,31,1,5727.29
2,High,Low,None,8,1,4456.84
2,High,Low,Minor,14,1,5847.5
1,Low,Adequate,Minor,155,0,7231.27
3,High,Low,Major,151,1,13097.94
0,Medium,Low,None,162,0,7457.71
2,High,Adequate,Minor,26,1,7538.86
3,High,Adequate,None,108,1,9336.0
3,Medium,Low,Major,75,1,10635.29
1,Low,Adequate,None,147,0,6253.82
2,Low,Low,Minor,64,1,8929.27
2,Medium,Adequate,Minor,176,1,17896.07
0,Medium,Low,Minor,108,1,11571.88
2,Low,Adequate,None,128,0,8401.34
0,Low,Adequate,Major,9,1,3743.01
2,High,Adequate,None,46,1,9109.26
1,High,Adequate,Minor,122,1,12986.08
2,Medium,Low,None,58,1,9974.65
0,Low,Adequate,None,95,0,6077.38
0,Low,Adequate,None,102,0,5635.95
1,Low,Adequate,None,123,0,5779.41
2,High,Low,None,85,1,10921.66
2,Low,Adequate,None,145,0,8963.16
1,Medium,Low,None,111,1,12987.56
2,Low,Adequate,Minor,173,0,7728.04
2,Medium,Adequate,Major,159,1,12925.77
0,Medium,Adequate,None,26,0,1205.2
2,High,Adequate,None,17,1,8090.96
2,Low,Adequate,None,166,0,7570.8
1,Low,Low,None,176,0,7391.96
1,Low,Low,Minor,81,1,10696.91
3,High,Low,Minor,171,1,14098.4
0,High,Low,None,71,1,8757.23
2,Medium,Low,None,53,1,8323.12
2,Medium,Low,None,161,1,17535.49
3,Medium,Adequate,Minor,70,1,8732.09
2,Low,Adequate,Major,163,1,17140.02
0,High,Low,None,145,1,14057.1
3,Medium,Adequate,None,37,1,5036.5
0,Medium,Low,Major,136,1,12719.6
3,Medium,Adequate,Major,178,1,11951.76
3,Low,Adequate,None,34,0,2042.7
1,Low,Adequate,None,81,0,5398.5
0,High,Adequate,None,132,0,7101.37
2,Low,Adequate,None,141,0,8207.5
2,Medium,Adequate,None,157,0,7167.83
0,Low,Adequate,None,3,0,192.45
2,Medium,Adequate,None,166,0,11457.29
2,Low,Adequate,None,152,0,7304.81
0,Medium,Low,Minor,155,1,13755.87
3,High,Adequate,None,149,1,9848.7
0,Low,Low,None,158,0,8970.31
3,Medium,Adequate,None,22,1,4367.71
2,Medium,Adequate,None,47,0,2083.66
2,Medium,Low,Major,147,1,11522.77
2,High,Adequate,None,124,1,9839.43
1,High,Adequate,None,165,0,9183.06
3,Low,Adequate,Minor,54,1,10910.09
1,Low,Adequate,None,67,0,2697.08
1,Low,Adequate,Major,87,1,12473.08
0,Medium,Low,None,0,0,0.0
1,Low,Adequate,None,134,0,6832.47
0,Medium,Low,None,94,0,3909.28
0,Medium,Adequate,None,139,0,8708.07
1,Medium,Low,Minor,105,1,12967.95
3,High,Adequate,Minor,132,1,12389.87
3,Low,Adequate,None,107,0,5318.51
3,Low,Low,None,177,1,15799.32
3,High,Adequate,Minor,41,1,6198.42
3,Medium,Adequate,Major,101,1,12337.44
1,Medium,Adequate,None,123,0,6234.36
1,Medium,Adequate,None,139,0,8466.54
2,Low,Adequate,None,102,0,5793.95
3,High,Adequate,Major,145,1,12726.73
1,High,Low,None,73,1,9693.67
2,Medium,Low,None,107,1,11262.32
3,Low,Adequate,Minor,121,1,9935.52
0,Medium,Adequate,None,16,0,677.68
2,Medium,Adequate,None,70,0,4650.64
1,Low,Adequate,None,61,0,2582.52
0,High,Adequate,None,40,0,2448.16
0,Low,Adequate,None,118,0,7976.94
0,High,Adequate,None,161,0,7747.4
2,Medium,Adequate,None,44,0,2249.05
1,Low,Adequate,None,57,0,3252.86
0,Medium,Adequate,Minor,178,0,11828.33
3,High,Adequate,Minor,125,1,12241.37
0,High,Adequate,None,161,0,10012.09
0,High,Low,None,43,1,5359.31
2,Medium,Low,None,14,1,7256.39
2,Medium,Adequate,None,77,0,4027.8
1,High,Adequate,None,69,0,3734.35
3,Low,Adequate,Minor,177,1,13989.37
2,Medium,Adequate,None,100,0,4573.19
0,Low,Low,None,159,0,10130.75
1,High,Adequate,None,2,0,107.24
0,High,Adequate,Minor,85,1,9385.84
0,Low,Adequate,None,73,0,3761.0
2,High,Adequate,Minor,50,1,11161.99
1,High,Adequate,None,66,0,4123.02
3,Low,Low,Major,75,1,11139.32
3,Medium,Adequate,Major,92,1,7419.5
2,High,Adequate,None,175,1,12278.25
2,Low,Adequate,None,144,0,9737.67
1,Medium,Adequate,None,6,0,344.69
3,Low,Low,None,12,1,7753.19
3,High,Low,Minor,119,1,14830.44
3,High,Adequate,Minor,65,1,8258.01
0,High,Adequate,Minor,3,1,3429.72
3,Medium,Low,Minor,137,1,14636.56
0,High,Low,None,87,1,9806.62
1,High,Adequate,None,16,0,701.95
0,Medium,Low,Minor,51,1,8335.54
1,High,Adequate,None,133,0,9056.92
3,Low,Adequate,Minor,68,1,10201.1
3,Medium,Adequate,None,136,1,14485.82
1,Low,Low,None,20,0,1258.46
2,Low,Low,Major,23,1,8959.7
1,Low,Adequate,None,3,0,123.27
2,Medium,Adequate,Major,151,1,11542.56
0,Medium,Adequate,Major,2,1,4526.03
0,High,Low,Minor,67,1,9736.85
0,Low,Adequate,Minor,100,0,5113.81
3,Medium,Adequate,None,167,1,13052.06
0,Medium,Adequate,Major,175,1,16457.88
2,High,Adequate,None,53,1,6749.97
0,Medium,Adequate,None,34,0,1774.49
1,Medium,Adequate,Minor,55,0,3000.37
1,High,Low,None,107,1,12290.76
3,Medium,Adequate,None,39,1,6933.96
1,Low,Low,None,67,0,3025.07
2,Low,Adequate,None,45,0,2890.57
0,High,Adequate,Major,77,1,12348.63
3,Low,Low,None,140,1,15271.43
0,High,Low,Major,154,1,13559.86
0,Medium,Low,Minor,5,1,7153.66
2,High,Adequate,Minor,16,1,6749.29
1,High,Adequate,None,163,0,9775.59
1,High,Low,Minor,98,1,10330.56
0,Medium,Adequate,None,80,0,4734.5
3,High,Adequate,Minor,1,1,3367.82
1,Medium,Low,None,76,1,10088.89
3,Medium,Low,Major,179,1,18133.26
1,Medium,Adequate,Major,65,1,8461.44
3,High,Adequate,None,51,1,7167.6
2,High,Adequate,None,91,1,9306.21
3,High,Low,Minor,170,1,17367.73
2,Medium,Low,None,21,1,7375.88
2,Medium,Adequate,Major,110,1,12222.36
3,High,Low,None,106,1,12845.89
2,Low,Low,None,66,1,6564.0
0,Low,Low,Major,139,1,13825.77
2,Medium,Adequate,Minor,68,1,12153.71
1,Low,Adequate,Minor,83,0,5027.42
3,Low,Adequate,None,102,0,6708.48
0,Low,Adequate,Minor,38,0,1621.2
3,Low,Low,None,12,1,7910.41
1,Low,Adequate,Minor,40,0,1984.74
1,High,Low,Minor,56,1,10254.7
1,Medium,Adequate,None,11,0,518.99
2,Medium,Adequate,None,12,0,630.47
2,Medium,Adequate,None,119,0,5656.76
3,Low,Adequate,Minor,96,1,9688.03
3,High,Adequate,None,56,1,7478.24
0,High,Low,Minor,39,1,8822.98
0,Low,Adequate,None,117,0,6688.72
3,Medium,Adequate,Minor,79,1,7840.47
2,High,Adequate,Minor,127,1,11504.15
1,High,Adequate,None,172,0,10731.69
3,Medium,Adequate,None,34,1,7152.94
0,Medium,Low,None,2,0,125.41
2,Low,Adequate,Minor,119,0,5945.24
3,High,Low,Minor,4,1,6677.03
3,Low,Adequate,None,10,0,445.59
2,High,Adequate,Minor,125,1,9462.66
3,Medium,Adequate,None,70,1,10605.98
2,Medium,Adequate,None,116,0,7450.8
1,Medium,Adequate,Major,137,1,11924.45
2,Low,Low,None,105,1,8891.5
2,Low,Adequate,None,115,0,5054.4
2,Low,Low,None,161,1,15028.5
3,Low,Adequate,None,66,0,3894.89
3,High,Low,None,30,1,8080.45
2,Medium,Low,None,74,1,7394.38
3,Low,Adequate,Minor,70,1,7381.76
0,High,Low,None,65,1,6912.04
0,High,Adequate,None,69,0,3242.7
3,High,Low,None,40,1,5982.23
3,High,Low,None,159,1,15814.7
2,Low,Adequate,Minor,19,0,1155.66
1,Medium,Low,Major,177,1,10911.96
3,High,Low,None,152,1,11984.3
0,Medium,Adequate,Major,139,1,14707.26
2,Low,Low,None,38,1,7740.37
3,High,Adequate,None,144,1,10898.31
0,Low,Low,None,44,0,2802.97
0,Low,Low,None,138,0,6421.61
1,Medium,Adequate,None,69,0,4161.47
2,Medium,Low,Minor,124,1,11984.36
2,Medium,Low,None,150,1,13417.43
1,Low,Adequate,Major,90,1,10183.81
1,High,Low,None,69,1,10516.57
2,Low,Adequate,None,165,0,8359.87
2,Low,Low,Minor,129,1,14176.28
3,High,Adequate,None,83,1,7383.27
3,High,Adequate,None,88,1,8984.45
1,High,Adequate,Minor,78,1,9901.26
3,High,Adequate,Major,112,1,13438.04
0,Medium,Adequate,Minor,92,0,4515.64
3,Medium,Adequate,Minor,71,1,10138.78
3,Low,Low,Minor,164,1,14859.82
0,Medium,Adequate,Major,48,1,6894.26
1,Medium,Adequate,None,51,0,2873.98
0,Low,Adequate,None,32,0,1915.01
3,High,Adequate,None,21,1,5197.37
1,Medium,Adequate,None,113,0,4854.07
3,Low,Low,Minor,132,1,13002.83
0,Low,Low,Minor,17,0,1041.54
0,Medium,Adequate,None,165,0,10677.54
3,Low,Adequate,None,117,0,7688.17
2,High,Adequate,Minor,116,1,11617.32
2,Medium,Adequate,None,36,0,1536.49
0,Medium,Adequate,Minor,63,0,3347.41
0,Medium,Adequate,None,137,0,6428.32
2,High,Low,None,78,1,10468.41
2,Medium,Low,None,169,1,18031.78
3,Medium,Adequate,None,122,1,9119.34
3,Medium,Adequate,Minor,175,1,14832.9
2,Low,Low,Major,43,1,9760.67
3,High,Adequate,Minor,81,1,9437.91
3,High,Adequate,None,86,1,9427.89
1,Medium,Adequate,None,15,0,751.81
3,High,Adequate,Minor,53,1,5891.64
0,High,Adequate,Minor,101,1,12900.14
3,High,Low,None,162,1,16029.0
3,High,Adequate,None,97,1,9232.5
2,Medium,Adequate,Minor,155,1,12499.1
0,Medium,Low,None,1,0,68.0
3,Medium,Adequate,None,93,1,10633.56
3,High,Adequate,None,140,1,9760.72
1,Low,Adequate,None,168,0,9558.35
3,High,Adequate,Major,58,1,10475.86
3,High,Low,Major,68,1,9691.33
1,Low,Adequate,None,118,0,5562.96
2,High,Adequate,None,91,1,9965.25
3,Low,Adequate,None,44,0,1985.83
1,Medium,Low,None,147,1,12766.11
0,High,Adequate,None,23,0,1313.43
2,Low,Adequate,Minor,90,0,5926.98
0,High,Low,None,93,1,9715.89
0,High,Low,None,57,1,10327.77
1,Medium,Adequate,None,154,0,9297.77
3,Low,Adequate,None,153,0,6460.0
1,Low,Low,None,127,0,8862.69
1,Medium,Adequate,None,6,0,313.42
1,High,Adequate,Major,169,1,15824.42
1,Medium,Adequate,None,46,0,2609.87
2,Low,Low,None,52,1,5608.07
3,Medium,Adequate,Major,37,1,7689.67
0,Medium,Low,Major,52,1,7146.43
0,High,Adequate,None,142,0,7595.23
3,Low,Low,Minor,153,1,14220.28
0,High,Low,None,47,1,10592.11
3,Medium,Adequate,None,94,1,12646.3
0,High,Low,None,146,1,14064.08
1,Medium,Adequate,Minor,136,0,6584.26
0,Medium,Low,Minor,63,1,6739.22
3,High,Adequate,None,92,1,10924.83
3,Low,Low,None,124,1,9130.83
3,High,Low,Minor,178,1,18438.16
3,Medium,Low,None,38,1,5622.31
3,Low,Adequate,None,3,0,207.76
2,Medium,Adequate,Minor,125,1,10696.56
2,High,Adequate,Minor,2,1,6190.35
0,Low,Adequate,Minor,63,0,3140.4
3,Medium,Adequate,Major,28,1,5927.16
0,Medium,Low,None,115,0,7601.59
3,Medium,Adequate,Minor,10,1,3939.06
3,Low,Adequate,Minor,96,1,10259.11
2,High,Adequate,None,101,1,10945.67
2,High,Adequate,None,154,1,14198.14
1,High,Low,None,20,1,6790.75
2,High,Adequate,None,38,1,7149.12
1,Low,Adequate,Minor,101,0,7037.52
1,High,Adequate,Minor,45,1,5006.14
1,Low,Adequate,None,65,0,3292.28
1,Low,Low,None,90,0,4901.13
1,Medium,Low,Major,163,1,16348.1
0,Medium,Adequate,None,110,0,5442.59
2,High,Adequate,None,81,1,10951.03
1,Medium,Low,None,122,1,15318.06
3,Medium,Low,None,98,1,11886.21
2,Low,Low,None,34,1,5270.98
2,High,Low,None,158,1,13724.3
1,Medium,Adequate,None,155,0,8760.04
0,Medium,Adequate,None,102,0,6607.22
1,Low,Low,None,128,0,6285.46
0,High,Adequate,None,24,0,1246.9
3,Medium,Low,Minor,42,1,6026.11
2,Low,Low,Minor,83,1,11340.41
3,Low,Adequate,None,50,0,2428.37
0,Medium,Adequate,None,129,0,8881.44
0,Medium,Adequate,Minor,125,0,6173.17
3,Low,Low,None,68,1,6061.7
0,High,Adequate,None,8,0,446.44
3,Low,Adequate,Minor,1,1,6983.09
2,Medium,Adequate,Major,161,1,11269.1
3,High,Adequate,Minor,158,1,13903.29
2,Medium,Adequate,None,9,0,485.37
3,Medium,Low,Minor,113,1,9190.37
0,Medium,Low,None,75,0,4799.31
3,Low,Low,Minor,163,1,14029.18
0,High,Low,None,84,1,9123.06
3,Medium,Adequate,None,48,1,7492.78
3,High,Adequate,Minor,69,1,8957.78
1,Low,Adequate,None,176,0,11126.69
0,Low,Low,None,130,0,5403.08
1,Low,Adequate,Major,132,1,8476.63
0,Medium,Adequate,None,89,0,5684.1
1,Medium,Adequate,None,25,0,1357.86
2,High,Adequate,None,71,1,7612.14
3,Medium,Adequate,Minor,4,1,7522.97
0,High,Adequate,Minor,14,1,7685.37
0,Low,Low,None,122,0,8025.78
3,High,Adequate,Minor,143,1,14239.89
0,High,Low,None,0,1,3654.66
0,High,Low,Minor,143,1,14433.3
1,High,Low,None,164,1,15388.57
0,High,Adequate,None,2,0,137.95
2,Medium,Adequate,Major,179,1,11641.0
2,Low,Adequate,None,46,0,2959.32
3,Low,Low,None,94,1,7945.93
0,High,Adequate,None,12,0,556.87
3,Medium,Adequate,Major,119,1,14494.81
2,High,Adequate,None,54,1,8139.02
0,Medium,Adequate,None,148,0,10056.06
0,Low,Low,None,65,0,2773.57
3,Low,Low,None,154,1,15538.63
2,Medium,Adequate,None,165,0,11146.68
0,Medium,Low,Minor,89,1,12903.03
3,Low,Adequate,Major,61,1,8038.73
2,Medium,Adequate,None,101,0,5150.91
3,Low,Adequate,None,173,0,10133.24
1,Medium,Low,None,138,1,11492.99
0,Low,Low,None,7,0,483.28
1,High,Low,Major,96,1,13582.37
2,Medium,Adequate,None,116,0,5220.99
1,Medium,Adequate,None,63,0,2748.98
1,Low,Low,Minor,20,1,6190.04
2,Low,Adequate,None,114,0,7670.3
3,Medium,Adequate,Minor,84,1,10612.86
1,Medium,Low,None,19,1,8053.1
3,Medium,Adequate,Minor,7,1,3538.39
1,Low,Adequate,Major,57,1,8643.61
3,Medium,Low,Minor,45,1,8129.95
2,High,Low,Major,30,1,8554.25
1,High,Adequate,None,92,0,6250.91
2,Low,Adequate,None,8,0,538.02
1,Medium,Adequate,Minor,14,0,888.14
2,Low,Adequate,None,93,0,3774.13
2,Low,Low,None,153,1,12207.24
1,High,Low,None,137,1,12470.56
1,Low,Adequate,None,28,0,1351.16
1,Medium,Low,None,79,1,8574.15
0,Medium,Low,None,35,0,2065.58
3,High,Adequate,Minor,83,1,10562.51
0,Medium,Adequate,None,108,0,7265.18
0,Low,Adequate,None,117,0,8041.76
2,Medium,Adequate,None,36,0,1523.93
1,Medium,Low,None,85,1,10343.12
3,Low,Adequate,Major,70,1,10255.12
2,Medium,Low,None,150,1,13004.44
0,Low,Adequate,None,168,0,7625.44
1,Low,Adequate,Minor,92,0,5275.48
2,Medium,Adequate,None,79,0,5430.41
1,Low,Adequate,None,101,0,5564.31
2,Medium,Adequate,None,155,0,6585.55
1,Medium,Low,Major,175,1,15239.45
0,High,Adequate,None,165,0,8284.1
3,Low,Adequate,None,158,0,10377.09
0,Low,Low,None,13,0,689.52
3,Low,Adequate,None,116,0,5311.08
1,Medium,Adequate,None,72,0,3292.79
2,High,Low,None,90,1,11553.17
0,Low,Adequate,None,89,0,4269.12
3,High,Adequate,Major,28,1,7339.11
0,Low,Adequate,Minor,178,0,8219.44
3,Medium,Adequate,None,48,1,8697.76
0,High,Adequate,Minor,170,1,16436.68
3,High,Adequate,None,71,1,9138.7
3,High,Adequate,None,132,1,14427.23
1,High,Low,Minor,41,1,9772.09
3,Medium,Adequate,Minor,134,1,11466.25
1,High,Adequate,Minor,41,1,7798.99
3,Low,Low,None,163,1,12464.81
2,High,Adequate,Major,104,1,11627.09
2,Medium,Adequate,None,26,0,1742.59
2,High,Low,Major,57,1,11666.49
3,Medium,Adequate,Major,45,1,8896.13
1,Medium,Adequate,None,65,0,3558.89
1,Medium,Adequate,Minor,24,0,1605.29
3,High,Low,None,72,1,10571.13
2,Low,Low,None,116,1,9902.29
2,Low,Adequate,None,154,0,7638.68
1,Low,Adequate,None,128,0,6739.61
2,Low,Low,Major,86,1,9527.85
0,High,Adequate,Minor,73,1,11014.74
1,Low,Low,None,169,0,6951.57
2,High,Low,Minor,179,1,16306.82
1,Medium,Adequate,Major,152,1,12549.46
0,Low,Adequate,None,124,0,5154.73
1,High,Low,Major,66,1,6115.94
1,Medium,Adequate,None,5,0,320.29
1,Medium,Low,Minor,124,1,13676.16
1,Medium,Adequate,None,57,0,3106.04
0,High,Adequate,None,69,0,3621.27
3,Low,Low,None,52,1,11508.69
1,High,Low,Minor,65,1,7742.46
1,High,Adequate,None,57,0,2648.26
2,Medium,Adequate,None,81,0,3949.24
1,Low,Adequate,None,86,0,3885.71
2,Medium,Low,Major,1,1,6928.43
3,Low,Adequate,None,149,0,10031.43
0,Low,Adequate,None,36,0,2104.58
0,Low,Adequate,None,147,0,7696.68
3,Medium,Adequate,None,102,1,12798.44
0,High,Adequate,Minor,23,1,5221.65
3,High,Adequate,Minor,111,1,9280.53
3,High,Adequate,None,64,1,6704.14
3,Medium,Adequate,None,128,1,11135.43
0,Medium,Adequate,Minor,116,0,4777.66
2,Medium,Low,None,115,1,9574.88
3,High,Adequate,Minor,104,1,14114.65
1,Low,Adequate,Minor,2,0,121.88
0,High,Adequate,Minor,45,1,6313.11
3,Medium,Low,None,54,1,6674.72
3,Medium,Low,None,74,1,9106.13
1,High,Adequate,Major,44,1,5644.01
2,Medium,Low,None,153,1,14023.15
2,High,Adequate,Minor,76,1,13008.08
2,High,Low,None,23,1,5481.61
3,Medium,Low,Minor,34,1,6934.08
3,Low,Low,None,23,1,4559.42
3,Medium,Low,None,27,1,7686.89
0,High,Adequate,None,15,0,739.52
1,Low,Low,Minor,58,1,8083.12
3,Medium,Adequate,Minor,143,1,13474.27
1,Medium,Adequate,None,14,0,842.66
1,High,Adequate,None,10,0,414.09
2,Low,Adequate,Minor,78,0,4445.2
0,High,Adequate,None,114,0,7170.47
3,High,Adequate,None,67,1,8779.73
2,Low,Low,None,42,1,9261.49
2,Low,Adequate,None,68,0,4520.29
3,High,Adequate,None,140,1,12612.84
1,Low,Adequate,None,137,0,8573.71
2,High,Adequate,None,74,1,7586.83
1,Medium,Adequate,None,102,0,5447.12
0,Low,Adequate,None,40,0,1608.52
1,High,Adequate,None,177,0,11431.0
0,Medium,Adequate,None,58,0,2946.1
1,Medium,Low,Minor,38,1,8350.64
2,Medium,Adequate,None,2,0,120.64
2,Medium,Low,None,6,1,8150.55
0,Low,Low,None,48,0,3296.61
3,Medium,Adequate,None,25,1,9209.43
0,High,Low,None,160,1,15826.08
0,Low,Low,None,100,0,6861.11
1,Medium,Low,Major,175,1,17388.79
1,Medium,Adequate,None,78,0,3817.67
0,High,Adequate,Major,1,1,4307.11
2,Low,Adequate,None,126,0,8224.86
1,High,Adequate,None,159,0,8087.61
3,Medium,Adequate,None,131,1,12310.3
1,Low,Low,None,19,0,1028.37
1,Low,Adequate,None,116,0,5332.28
3,Low,Adequate,Minor,163,1,13871.93
0,Medium,Adequate,None,31,0,1296.44
3,Medium,Low,Major,27,1,5270.32
0,High,Adequate,Minor,76,1,11652.55
0,Medium,Adequate,None,0,0,0.0
0,Low,Low,None,55,0,3435.31
3,Medium,Adequate,None,34,1,8454.95
0,High,Low,None,111,1,13276.52
2,Low,Low,None,29,1,8974.87
3,Low,Adequate,None,53,0,2428.66
2,Low,Low,None,35,1,6203.1
0,High,Adequate,None,79,0,5375.53
1,Medium,Adequate,Major,57,1,11368.45
0,Medium,Low,Minor,82,1,11955.57
2,High,Adequate,Major,64,1,9970.98
2,High,Low,None,68,1,7053.49
3,Medium,Low,None,127,1,12442.77
1,High,Low,None,50,1,6393.97
3,Low,Low,None,21,1,4765.66
2,Low,Low,None,106,1,14302.67
0,Low,Adequate,Minor,108,0,5099.91
1,Low,Adequate,Minor,115,0,5427.82
0,Medium,Low,None,100,0,4250.14
0,High,Adequate,None,99,0,6717.67
1,Low,Adequate,None,163,0,9354.91
3,Low,Adequate,None,67,0,4020.74
0,Medium,Adequate,None,35,0,2357.16
2,High,Low,None,179,1,12866.69
0,Medium,Low,None,177,0,10380.2
1,Medium,Adequate,Major,168,1,12038.01
1,Low,Adequate,None,145,0,6612.46
1,Low,Low,Minor,21,1,5766.86
3,High,Adequate,None,65,1,11956.35
0,High,Adequate,None,20,0,1010.39
3,Low,Adequate,None,99,0,5079.13
3,High,Adequate,None,127,1,10114.89
1,Medium,Adequate,None,43,0,1720.31
1,High,Adequate,Minor,102,1,12397.92
3,Medium,Adequate,Minor,46,1,6567.03
0,Medium,Adequate,None,38,0,1805.55
2,Medium,Low,None,28,1,8055.36
3,Medium,Adequate,Major,53,1,9127.69
0,Low,Adequate,None,89,0,4071.36
1,Low,Low,None,84,0,4630.74
1,Medium,Adequate,None,16,0,1055.51
0,High,Adequate,Minor,79,1,11511.59
2,Low,Adequate,Major,158,1,14308.76
1,Medium,Low,None,72,1,8936.42
1,High,Low,Major,48,1,10227.59
1,Low,Adequate,Minor,100,0,5652.07
0,Medium,Low,None,1,0,64.5
3,Medium,Adequate,None,175,1,15821.67
1,High,Adequate,None,141,0,8992.96
3,Low,Low,Major,58,1,9057.7
2,Medium,Adequate,None,96,0,5260.82
1,High,Adequate,Minor,98,1,9258.37
1,High,Adequate,None,102,0,7092.03
2,Medium,Adequate,Minor,178,1,15568.02
1,Medium,Adequate,None,1,0,44.57
3,Medium,Adequate,None,40,1,9947.83
0,High,Adequate,Minor,122,1,9010.66
3,Medium,Adequate,Minor,81,1,10448.68
0,Low,Adequate,Major,143,1,15173.98
0,High,Adequate,None,131,0,6991.72
3,Medium,Adequate,Minor,139,1,13666.09
3,Medium,Adequate,None,28,1,5023.83
3,Low,Low,None,134,1,14601.32
3,Medium,Adequate,None,13,1,6083.51
2,Medium,Low,None,11,1,8049.57
1,Medium,Low,None,98,1,12154.14
0,Low,Low,Major,132,1,13214.4
3,Medium,Adequate,None,80,1,11771.82
3,High,Adequate,Minor,105,1,10970.2
3,Low,Adequate,None,31,0,2107.36
2,High,Adequate,None,73,1,9327.07
3,Medium,Adequate,None,170,1,17535.79
3,High,Adequate,Major,80,1,8117.07
3,High,Adequate,Major,68,1,8079.19
1,Medium,Adequate,Major,44,1,5881.4
2,High,Low,Major,105,1,14539.42
3,High,Adequate,None,136,1,11046.38
0,Medium,Adequate,None,176,0,11949.72
0,Medium,Adequate,Minor,160,0,8722.23
0,Medium,Low,None,99,0,5416.63
2,High,Adequate,None,145,1,12718.66
2,High,Low,None,8,1,3848.11
0,High,Adequate,None,61,0,2891.95
3,Medium,Adequate,None,28,1,8735.83
2,High,Adequate,None,124,1,15489.33
0,Low,Low,None,113,0,7717.82
0,Medium,Adequate,None,152,0,8452.25
3,Low,Adequate,None,142,0,8564.42
1,Medium,Adequate,None,133,0,8426.28
2,Medium,Adequate,Minor,119,1,10654.13
3,Medium,Low,None,169,1,15517.02
0,Medium,Adequate,None,156,0,6400.51
0,Medium,Adequate,Minor,78,0,4284.3
3,Medium,Adequate,None,92,1,9348.17
2,Low,Low,None,3,1,4508.53
1,Medium,Adequate,Minor,81,0,4127.07
1,Low,Adequate,None,176,0,9323.27
0,Low,Adequate,Minor,171,0,10036.87
2,Medium,Low,Minor,74,1,7468.13
1,Medium,Adequate,Minor,13,0,716.44
2,Medium,Low,None,130,1,9261.55
2,Medium,Low,None,113,1,12853.83
0,Medium,Low,None,61,0,3606.45
1,High,Adequate,None,105,0,5953.63
3,Medium,Adequate,None,63,1,7223.09
0,Medium,Adequate,None,101,0,5056.9
1,Low,Low,None,172,0,10827.95
1,Medium,Adequate,None,105,0,5563.22
1,Medium,Adequate,None,19,0,1035.99
1,Medium,Adequate,None,57,0,3388.25
1,Medium,Adequate,Minor,111,0,4501.13
2,Medium,Low,None,56,1,10706.59
0,Medium,Adequate,None,118,0,6909.79
2,High,Low,Major,96,1,10297.75
3,High,Adequate,None,91,1,10227.95
1,High,Low,None,51,1,9415.91
0,High,Low,None,36,1,5484.78
1,Low,Adequate,Minor,7,0,424.75
0,Low,Adequate,None,43,0,1883.96
2,Low,Low,None,97,1,11619.63
0,Medium,Adequate,None,132,0,7626.23
3,High,Adequate,Major,117,1,13261.08
3,Low,Low,None,68,1,7547.92
0,High,Adequate,None,158,0,7441.64
0,Low,Low,Major,44,1,9211.38
0,High,Adequate,None,136,0,5477.4
0,Medium,Adequate,Major,31,1,7998.07
3,Low,Low,None,32,1,9506.82
1,Medium,Low,Minor,125,1,11073.68
0,Low,Adequate,None,66,0,3158.11
0,Low,Adequate,Minor,29,0,1218.28
3,Medium,Adequate,Major,113,1,11052.89
3,High,Adequate,None,28,1,5574.92
2,Medium,Adequate,None,130,0,8637.79
0,Medium,Low,None,29,0,1521.84
2,Medium,Adequate,None,136,0,8378.96
3,High,Adequate,None,153,1,17890.01
3,Low,Low,None,129,1,14704.94
1,Medium,Low,None,61,1,6320.5
0,Low,Low,None,2,0,111.03
2,Low,Adequate,None,173,0,11632.95
3,Medium,Adequate,Minor,67,1,12088.43
3,Low,Low,None,24,1,4495.93
2,Medium,Adequate,None,178,0,10818.34
1,High,Low,None,140,1,11807.47
3,Low,Adequate,None,43,0,2890.63
0,Medium,Low,None,162,0,7075.26
3,Low,Adequate,None,54,0,3025.14
0,High,Adequate,None,136,0,9028.21
2,Medium,Adequate,Minor,129,1,9848.8
0,High,Adequate,None,40,0,2178.39
2,Medium,Low,Minor,171,1,11586.59
0,Low,Adequate,Minor,63,0,3045.69
2,Medium,Low,Minor,30,1,5909.36
0,High,Low,Major,46,1,9578.05
1,Medium,Adequate,None,129,0,6253.92
0,High,Low,None,95,1,9220.94
0,High,Low,Major,76,1,7744.57
1,Low,Adequate,None,109,0,4890.34
3,Low,Adequate,None,68,0,3712.34
3,Medium,Adequate,Minor,57,1,10587.79
0,Medium,Low,Minor,105,1,13932.41
1,High,Low,Major,43,1,7812.99
0,High,Adequate,Major,73,1,10417.79
2,Medium,Low,Minor,55,1,8429.67
2,Low,Low,None,170,1,18759.25
0,High,Adequate,Major,126,1,10666.14
3,Low,Adequate,None,161,0,10181.67
3,High,Adequate,None,29,1,5715.56
0,Medium,Low,Major,70,1,10441.51
0,Medium,Low,None,117,0,7207.06
2,Low,Adequate,None,54,0,3381.18
3,Medium,Low,None,66,1,6529.42
0,Medium,Adequate,Major,140,1,14053.79
2,Medium,Adequate,None,2,0,117.07
3,Low,Adequate,Minor,25,1,5562.25
1,High,Low,None,56,1,7478.44
2,High,Low,Minor,125,1,12747.76
3,Low,Adequate,Minor,151,1,15991.99
3,Low,Adequate,None,52,0,2501.74
2,Low,Adequate,None,42,0,2716.68
1,Medium,Low,None,48,1,8352.23
2,Medium,Low,Major,41,1,6225.7
3,Medium,Adequate,Minor,10,1,4273.09
0,Low,Adequate,Major,102,1,13259.87
0,Medium,Adequate,None,97,0,6003.98
2,Medium,Low,Minor,145,1,12648.03
3,Medium,Adequate,Minor,84,1,8123.69
0,High,Adequate,Minor,99,1,11526.84
3,Low,Adequate,Major,103,1,12088.22
2,Medium,Adequate,None,179,0,7439.06
0,Medium,Low,None,45,0,2960.66
3,Medium,Adequate,Minor,43,1,6198.56
0,High,Low,Minor,21,1,5266.44
2,Medium,Adequate,None,113,0,5339.58
3,High,Adequate,None,124,1,14492.67
0,Low,Adequate,None,123,0,8192.41
2,Low,Adequate,None,29,0,1489.16
0,High,Low,None,7,1,4508.32
0,Medium,Adequate,Minor,97,0,4161.74
1,Low,Adequate,Minor,56,0,3039.78
1,Low,Low,None,110,0,7672.56
2,Low,Low,None,72,1,11093.81
1,High,Adequate,None,114,0,5280.01
2,Low,Low,None,19,1,4764.99
1,Medium,Adequate,Minor,24,0,1128.21
0,Low,Adequate,Major,18,1,7981.95
2,Medium,Adequate,None,4,0,253.61
2,Low,Low,Minor,74,1,10703.2
0,Medium,Adequate,Major,127,1,10633.67
2,Low,Adequate,Minor,71,0,4804.34
2,High,Low,None,154,1,13475.93
1,Low,Adequate,Major,39,1,5439.21
2,Medium,Adequate,None,25,0,1376.45
3,High,Adequate,None,26,1,5452.25
0,Medium,Low,None,82,0,4657.33
1,Medium,Adequate,None,127,0,6933.2
1,Medium,Low,None,177,1,14080.22
3,Medium,Low,None,169,1,10714.76
0,Medium,Adequate,None,156,0,10043.59
0,High,Adequate,Minor,166,1,15366.76
1,Medium,Low,Major,168,1,15194.99
2,Medium,Low,None,32,1,7962.86
1,High,Low,Major,96,1,11881.3
0,Medium,Low,Major,110,1,13393.12
3,Low,Low,Minor,15,1,8405.56
1,Medium,Low,None,22,1,8111.33
0,High,Adequate,Minor,134,1,12058.86
1,Low,Adequate,Major,25,1,5270.73
2,Medium,Adequate,Minor,95,1,10775.03
1,Low,Adequate,None,11,0,500.58
1,Medium,Low,None,71,1,10098.64
0,Low,Adequate,Minor,132,0,6890.28
0,Medium,Adequate,None,105,0,5406.97
0,High,Adequate,None,116,0,7405.43
1,Medium,Adequate,None,176,0,9449.35
2,Medium,Adequate,Minor,25,1,5575.57
3,High,Adequate,Major,132,1,12658.78
3,High,Low,None,21,1,6293.7
0,Low,Adequate,Major,12,1,7978.68
0,Medium,Adequate,None,155,0,9044.2
1,Low,Adequate,Minor,160,0,9115.59
3,High,Adequate,Minor,106,1,12970.28
0,High,Low,Minor,22,1,8915.63
2,Medium,Adequate,Major,96,1,11945.88
2,High,Adequate,None,17,1,5728.75
0,Medium,Adequate,Major,116,1,12259.94
0,Medium,Adequate,None,29,0,1274.46
3,Low,Low,Minor,25,1,6169.36
3,High,Adequate,Minor,143,1,16888.55
1,Low,Adequate,Minor,38,0,2628.14
3,High,Adequate,None,160,1,15543.81
2,High,Adequate,Major,153,1,10698.7
2,High,Adequate,None,175,1,16753.84
0,Low,Adequate,None,165,0,8695.62
3,Medium,Low,Minor,129,1,9076.48
1,Low,Adequate,None,112,0,5966.44
2,Medium,Adequate,Minor,133,1,9764.17
2,Low,Adequate,None,45,0,2534.24
1,High,Adequate,None,49,0,2457.67
1,Medium,Adequate,Minor,165,0,8943.5
2,Medium,Low,None,105,1,11086.95
2,Medium,Adequate,None,145,0,9579.28
1,Medium,Low,Minor,154,1,12667.11
2,Medium,Adequate,None,168,0,8907.61
0,Medium,Low,Minor,71,1,10582.2
0,High,Low,None,73,1,9997.02
1,Medium,Adequate,Minor,16,0,697.48
3,High,Low,Minor,156,1,11999.11
1,High,Adequate,Minor,69,1,8931.67
1,Low,Adequate,None,149,0,6170.36
3,High,Low,Minor,5,1,4048.03
3,Low,Adequate,Minor,25,1,5166.28
3,High,Adequate,Minor,166,1,11069.12
0,Medium,Adequate,None,139,0,8947.76
2,High,Low,Major,98,1,12477.52
0,High,Low,Minor,141,1,13490.07
2,High,Low,None,21,1,5264.28
0,High,Low,None,50,1,7223.79
2,Medium,Low,Major,150,1,15232.16
0,Low,Adequate,None,175,0,9899.77
3,Medium,Adequate,Major,103,1,8428.54
1,Low,Adequate,Minor,177,0,7313.01
0,Medium,Adequate,Minor,88,0,5421.79
2,Medium,Low,None,140,1,12926.2
3,High,Low,None,137,1,9631.41
0,Medium,Low,Major,8,1,6722.54
0,High,Low,None,78,1,10303.48
3,Low,Adequate,Minor,51,1,9533.81
0,High,Adequate,None,129,0,8278.8
1,High,Adequate,None,152,0,6441.38
0,Medium,Adequate,None,12,0,548.94
1,Medium,Adequate,None,50,0,2579.35
1,High,Adequate,Major,33,1,6792.81
3,Low,Low,None,34,1,5572.86
0,Medium,Adequate,None,130,0,6450.78
3,Medium,Adequate,None,119,1,12517.41
0,Low,Low,None,69,0,4088.07
0,Medium,Adequate,None,175,0,7123.02
2,Low,Adequate,Major,146,1,15462.83
0,Low,Adequate,None,66,0,4372.52
3,Low,Adequate,None,102,0,5002.46
1,High,Low,None,72,1,7237.43
0,Medium,Adequate,Major,115,1,14080.8
2,High,Adequate,None,132,1,12374.66
3,Medium,Adequate,None,66,1,7484.63
0,Medium,Low,Minor,138,1,13031.25
3,Medium,Adequate,None,120,1,9850.1
2,Medium,Adequate,None,93,0,5456.91
2,Low,Adequate,None,128,0,5918.04
3,Medium,Adequate,Minor,90,1,10319.77
0,Low,Adequate,None,91,0,5127.53
1,Medium,Adequate,Minor,62,0,3007.32
2,Medium,Adequate,Minor,28,1,5355.54
0,Low,Low,None,11,0,718.01
0,Low,Adequate,None,76,0,4687.01
1,High,Low,None,40,1,4982.53
2,Medium,Adequate,Minor,129,1,9273.99
2,Low,Low,None,36,1,8555.36
0,High,Low,None,172,1,12895.69
0,Low,Low,None,175,0,12135.89
1,Medium,Low,Major,23,1,4714.21
1,High,Adequate,None,98,0,5353.16
2,Low,Adequate,Major,149,1,11220.35
3,Low,Adequate,None,99,0,5858.98
2,Low,Low,None,138,1,12872.29
0,Medium,Low,None,57,0,3015.84
2,Low,Low,None,173,1,13749.65
3,Medium,Low,None,28,1,9825.79
1,Low,Adequate,None,162,0,6677.25
3,Medium,Low,Major,142,1,16779.26
3,High,Adequate,Minor,59,1,8908.64
3,High,Low,Minor,94,1,11438.45
1,Medium,Low,None,41,1,5813.37
3,Medium,Adequate,None,42,1,5333.88
3,Medium,Adequate,None,73,1,9052.79
3,Medium,Low,Minor,176,1,14830.18
0,Medium,Low,Major,159,1,15035.37
3,Low,Adequate,None,63,0,3205.28
1,High,Low,None,1,1,6315.1
3,Medium,Low,None,151,1,17068.32
3,Low,Adequate,None,65,0,2676.62
1,Medium,Adequate,None,165,0,9841.79
3,Medium,Adequate,Minor,30,1,7483.73
1,High,Adequate,Minor,114,1,12516.62
3,High,Adequate,None,25,1,4603.87
1,High,Adequate,None,28,0,1566.95
3,Low,Adequate,Major,77,1,7830.16
3,Medium,Adequate,None,24,1,4827.81
0,Medium,Low,None,47,0,1975.89
0,Low,Adequate,None,64,0,2932.08
3,Low,Adequate,None,66,0,3064.84
3,High,Adequate,None,89,1,10175.89
2,Low,Adequate,Minor,145,0,6622.75
1,Medium,Adequate,None,136,0,7779.85
2,Low,Low,None,37,1,6434.14
0,Low,Adequate,Minor,86,0,5662.99
0,Low,Low,None,148,0,10103.3
0,High,Low,Major,64,1,9113.19
0,High,Low,Major,148,1,15202.08
3,High,Adequate,None,26,1,4431.97
0,Medium,Low,Minor,105,1,9872.15
3,Low,Adequate,None,122,0,5862.71
3,Medium,Adequate,Major,43,1,10164.95
0,Medium,Low,None,99,0,5544.84
0,High,Adequate,Major,27,1,7712.17
1,Low,Adequate,Minor,172,0,8924.79
2,Medium,Low,None,16,1,5182.69
0,Low,Adequate,None,126,0,6889.64
1,Medium,Low,Major,122,1,9851.25
1,High,Adequate,Major,167,1,14683.82
2,Medium,Adequate,None,130,0,6974.31
3,Medium,Adequate,Minor,75,1,10345.25
0,Medium,Adequate,None,45,0,2753.97
2,Medium,Low,None,157,1,13934.82
0,High,Low,None,68,1,10992.38
1,High,Adequate,None,136,0,5612.18
1,High,Adequate,Minor,84,1,7755.65
3,High,Adequate,None,10,1,7012.44
1,Medium,Adequate,Minor,68,0,3063.62
1,Medium,Adequate,None,98,0,6155.77
2,Medium,Adequate,None,90,0,6259.31
0,Low,Low,None,158,0,10802.97
0,High,Adequate,None,160,0,7346.11
2,Low,Adequate,None,166,0,10999.31
3,High,Low,None,93,1,11214.25
0,Medium,Adequate,None,173,0,9275.46
1,Medium,Adequate,None,164,0,9219.81
0,Medium,Adequate,None,114,0,7465.63
1,High,Low,None,30,1,4695.9
3,Medium,Adequate,Major,10,1,6988.11
2,Medium,Adequate,Major,86,1,9802.57
0,Low,Adequate,None,120,0,6884.87
2,Medium,Low,None,129,1,12137.13
0,Low,Low,None,104,0,6970.83
1,High,Adequate,Major,26,1,9151.36
2,Medium,Adequate,None,1,0,59.0
0,Medium,Adequate,None,102,0,4384.46
1,Low,Adequate,None,100,0,5812.52
2,Low,Low,None,20,1,8495.83
2,High,Adequate,None,57,1,5977.09
0,Low,Low,Minor,132,0,7368.15
0,Low,Adequate,None,179,0,9322.96
0,Low,Adequate,Minor,172,0,9918.26
1,High,Adequate,None,84,0,3584.84
0,High,Adequate,None,92,0,4869.51
2,Medium,Adequate,Major,19,1,6074.2
2,Low,Low,None,60,1,7347.66
0,Medium,Low,Minor,37,1,6701.14
0,High,Adequate,None,147,0,8911.6
3,Medium,Adequate,None,24,1,7642.81
2,Low,Low,Major,129,1,12150.99
1,Low,Adequate,None,120,0,8313.14
3,Low,Adequate,Major,159,1,12280.32
0,Medium,Adequate,None,25,0,1317.86
0,High,Adequate,Major,168,1,14357.65
2,Low,Adequate,None,66,0,2688.9
0,Low,Low,None,0,0,0.0
1,Low,Low,Minor,50,1,8274.1
2,High,Adequate,Major,4,1,3241.89
0,Low,Adequate,Major,12,1,4202.4
2,High,Low,Minor,146,1,11162.15
0,Medium,Adequate,Major,139,1,15185.22
0,Medium,Adequate,None,47,0,2847.29
0,Low,Adequate,None,152,0,7219.55
1,Low,Low,None,56,0,2350.21
1,Medium,Adequate,None,114,0,6921.9
2,High,Adequate,None,34,1,8846.46
0,Medium,Adequate,None,75,0,3910.17
0,Medium,Adequate,None,93,0,4734.48
1,Low,Adequate,Minor,4,0,186.02
0,High,Adequate,None,21,0,1261.86
1,High,Low,None,102,1,13193.85
0,Low,Adequate,None,174,0,7877.23
2,High,Adequate,Minor,130,1,15460.82
0,Medium,Adequate,Minor,123,0,6485.24
0,Medium,Low,Minor,52,1,9661.57
3,High,Low,None,158,1,14886.97
1,High,Adequate,None,68,0,4403.28
0,Medium,Adequate,None,103,0,5619.44
0,Low,Adequate,None,160,0,9008.35
3,Medium,Adequate,None,177,1,14268.68
3,High,Adequate,None,15,1,7827.72
1,Low,Adequate,None,115,0,4896.39
3,Medium,Adequate,Major,75,1,10461.03
2,Medium,Adequate,Major,108,1,10591.15
3,Medium,Adequate,None,38,1,5497.7
2,Medium,Low,None,88,1,10626.67
1,High,Adequate,None,173,0,9077.87
1,Low,Adequate,None,111,0,6002.36
1,Low,Low,Major,46,1,8319.1
1,Low,Low,None,171,0,7356.18
1,High,Low,Minor,136,1,10524.22
2,Medium,Low,None,127,1,11226.15
2,Low,Low,Major,177,1,18515.57
1,High,Adequate,None,76,0,3692.59
3,High,Adequate,Minor,14,1,4890.35
0,High,Adequate,None,35,0,1603.12
1,High,Low,Minor,62,1,9209.3
3,Low,Low,None,68,1,8814.24
0,High,Adequate,None,168,0,11239.6
1,Medium,Adequate,Major,73,1,6821.48
1,High,Adequate,Major,23,1,8544.67
2,High,Adequate,Major,48,1,7268.96
0,High,Adequate,Minor,145,1,10921.07
0,Medium,Low,Minor,6,1,5666.87
3,Low,Adequate,None,3,0,126.76
2,Medium,Low,None,89,1,11236.21
2,High,Adequate,None,59,1,11147.52
2,High,Adequate,Minor,54,1,7227.52
2,Low,Low,None,15,1,8238.26
0,Low,Low,None,28,0,1588.24
0,Low,Low,None,150,0,7152.1
1,High,Adequate,Minor,13,1,5002.57
1,High,Low,None,78,1,9276.88
2,Low,Adequate,None,176,0,9872.25
2,Medium,Low,None,32,1,8820.13
2,High,Adequate,None,152,1,10328.12
1,High,Adequate,None,20,0,1162.4
3,Medium,Adequate,Minor,144,1,14220.18
3,Medium,Adequate,Minor,22,1,6152.7
1,Medium,Low,Minor,56,1,9485.57
1,Low,Low,None,141,0,7351.91
1,Medium,Adequate,Minor,92,0,4301.57
1,Medium,Adequate,None,19,0,906.54
1,High,Adequate,None,157,0,8538.23
1,Medium,Low,Minor,18,1,6515.84
2,High,Low,None,102,1,12128.96
2,Low,Low,None,76,1,6937.94
2,Medium,Adequate,Major,150,1,13464.56
2,Low,Low,None,32,1,7955.81
1,Low,Adequate,Minor,17,0,1106.68
3,High,Low,None,72,1,10967.1
0,High,Adequate,Minor,160,1,15204.71
1,Low,Low,None,159,0,7953.86
0,Medium,Adequate,None,16,0,1032.59
3,High,Adequate,Minor,18,1,6723.09
2,Low,Low,None,69,1,8937.45
3,Medium,Adequate,None,119,1,9988.74
1,High,Adequate,None,100,0,5194.75
2,Medium,Adequate,None,33,0,1812.2
1,Low,Adequate,None,83,0,4981.86
2,Medium,Low,None,152,1,12740.38
0,High,Adequate,Major,73,1,11047.55
0,Medium,Low,None,87,0,4645.99
0,Low,Low,None,84,0,4224.28
3,High,Adequate,None,10,1,6684.95
1,Low,Low,None,90,0,4786.56
3,High,Adequate,Major,143,1,13616.36
0,Low,Adequate,None,126,0,6565.78
1,High,Adequate,Major,112,1,13242.83
0,Medium,Adequate,None,79,0,4157.52
3,Medium,Low,Minor,6,1,8126.1
3,Low,Low,None,15,1,7959.6
3,Medium,Adequate,Major,15,1,6901.84
0,High,Low,None,167,1,11488.78
1,High,Low,None,11,1,4589.69
1,Medium,Adequate,None,34,0,1703.58
0,Medium,Adequate,None,20,0,1141.69
1,High,Adequate,Major,177,1,16132.84
0,High,Low,None,170,1,12774.17
1,Medium,Adequate,None,16,0,674.84
2,Medium,Low,Minor,31,1,9919.36
2,Medium,Low,None,40,1,5395.04
3,Medium,Adequate,Major,133,1,15648.05
2,Low,Adequate,Minor,26,0,1463.44
2,Medium,Adequate,None,147,0,9553.06
2,Medium,Low,Major,152,1,13274.96
0,High,Adequate,None,65,0,2853.08
2,Low,Adequate,None,136,0,7711.82
2,Medium,Adequate,None,91,0,6223.61
3,Medium,Adequate,None,60,1,7652.79
2,Medium,Adequate,Minor,165,1,14109.51
2,Low,Adequate,Major,2,1,5607.05
1,Medium,Adequate,None,102,0,6927.17
3,Medium,Adequate,None,54,1,7949.13
3,Medium,Adequate,Major,0,1,4834.79
3,Medium,Adequate,None,100,1,7487.2
3,Medium,Adequate,None,44,1,5170.35
3,High,Adequate,None,174,1,14408.71
3,Low,Low,Major,25,1,4986.67
0,High,Adequate,None,120,0,5826.88
2,Medium,Adequate,Minor,141,1,13716.5
3,Low,Adequate,Minor,45,1,6056.79
2,Low,Low,None,121,1,11339.38
2,Medium,Adequate,None,30,0,1532.44
0,High,Low,Minor,58,1,10557.84
3,High,Adequate,None,28,1,7015.65
1,High,Adequate,Minor,105,1,11023.02
0,Medium,Adequate,Major,16,1,6398.52
1,Medium,Adequate,Minor,141,0,8231.65
2,Low,Adequate,Minor,163,0,9382.49
2,Medium,Adequate,Minor,23,1,4870.52
0,Medium,Low,Minor,108,1,14380.12
0,Low,Adequate,None,90,0,4300.51
1,Low,Adequate,None,24,0,1020.95
3,Medium,Adequate,None,31,1,7901.97
1,High,Adequate,Minor,115,1,10194.31
0,High,Adequate,None,81,0,4455.48
1,High,Low,Minor,109,1,12379.6
0,Medium,Adequate,None,145,0,8850.63
1,Medium,Adequate,Minor,36,0,2292.16
0,Medium,Adequate,None,25,0,1263.23
0,High,Adequate,Minor,136,1,13769.58
0,Low,Low,None,63,0,3264.06
3,Medium,Low,None,71,1,6975.12
1,High,Adequate,None,147,0,6149.97
1,Medium,Adequate,Minor,105,0,6061.39
1,Medium,Low,None,85,1,10206.66
0,Medium,Adequate,None,157,0,7065.77
1,Low,Adequate,Major,52,1,5302.93
1,Medium,Adequate,Minor,91,0,5768.12
0,Medium,Adequate,Major,98,1,10519.2
2,Low,Low,None,10,1,8414.52
0,Low,Low,None,30,0,1833.54
1,High,Adequate,Major,176,1,19128.69
0,Low,Adequate,None,99,0,5174.51
2,Medium,Adequate,Minor,86,1,8351.81
0,Low,Adequate,None,146,0,7876.06
1,High,Adequate,None,139,0,8189.55
2,Low,Adequate,None,14,0,748.83
3,Medium,Adequate,None,158,1,14509.77
1,High,Adequate,None,170,0,9390.28
2,High,Adequate,None,100,1,9686.3
2,Low,Low,Major,164,1,14554.04
3,High,Adequate,None,28,1,9350.33
0,Medium,Low,Minor,113,1,14033.58
0,Medium,Adequate,Minor,106,0,4600.57
1,Low,Adequate,None,153,0,9427.63
3,Low,Adequate,None,107,0,5885.98
0,High,Adequate,Minor,129,1,13941.82
3,Medium,Low,Minor,83,1,9877.47
0,Medium,Low,Minor,14,1,6108.31
2,High,Adequate,Minor,131,1,11617.6
0,High,Low,Major,49,1,5674.47
3,Low,Adequate,None,165,0,8417.49
2,Medium,Adequate,None,22,0,1237.92
2,Low,Adequate,Minor,58,0,2577.7
2,High,Adequate,None,89,1,11138.41
3,Medium,Low,Major,114,1,9438.57
1,High,Adequate,None,74,0,3334.29
1,Low,Adequate,None,155,0,8900.71
1,Low,Low,Minor,122,1,14311.08
3,Low,Adequate,None,135,0,9112.4
2,Low,Low,None,156,1,13564.25
1,Low,Adequate,None,138,0,8301.17
3,High,Adequate,Major,17,1,6230.34
1,Low,Low,None,49,0,1961.89
0,Low,Adequate,Major,141,1,12922.97
1,High,Adequate,None,117,0,6556.29
1,Medium,Adequate,Minor,136,0,8194.53
2,High,Adequate,Minor,138,1,12243.44
3,Low,Adequate,None,107,0,6625.48
2,Medium,Low,None,66,1,7802.69
2,Low,Low,None,166,1,13070.19
2,Low,Low,Minor,77,1,8688.42
2,High,Adequate,None,155,1,13461.11
2,Low,Adequate,Minor,74,0,4569.31
1,Medium,Adequate,None,38,0,2540.03
2,Medium,Adequate,None,24,0,1044.64
2,Medium,Low,None,20,1,8754.66
3,High,Adequate,None,137,1,10785.35
0,Low,Low,None,170,0,6860.08
1,Medium,Low,Major,14,1,8661.75
1,High,Low,Minor,47,1,7167.3
1,Medium,Adequate,None,85,0,5103.45
2,High,Low,Major,148,1,13664.49
2,Low,Low,Minor,115,1,11223.36
2,Medium,Low,Major,49,1,9869.75
3,Low,Low,None,150,1,11117.91
0,High,Adequate,None,140,0,8415.07
2,High,Adequate,None,68,1,6826.88
0,Low,Adequate,Minor,3,0,176.23
3,Medium,Adequate,None,77,1,7970.45
1,Low,Low,None,8,0,370.69
2,Medium,Adequate,None,120,0,5927.46
0,Medium,Low,None,114,0,5171.64
0,High,Low,Minor,162,1,16563.46
2,Medium,Low,None,100,1,10496.73
1,Medium,Low,None,148,1,11638.49
1,Low,Low,Minor,145,1,13128.85
1,Low,Adequate,Major,96,1,10777.18
3,Low,Adequate,Minor,80,1,12916.56
0,Low,Low,Major,42,1,10592.56
0,High,Low,Minor,94,1,12306.02
0,Medium,Adequate,None,5,0,329.16
3,Medium,Low,None,66,1,9099.65
0,Low,Low,Minor,139,0,6215.67
3,High,Adequate,Minor,99,1,13486.48
1,High,Low,Minor,11,1,5574.19
2,Low,Low,None,65,1,11677.5
0,High,Adequate,None,1,0,66.69
0,Medium,Low,None,142,0,7556.25
1,Low,Adequate,None,150,0,10055.3
2,Medium,Adequate,None,156,0,9753.13
3,Medium,Low,Minor,80,1,8595.73
2,Low,Adequate,None,134,0,7784.95
1,High,Adequate,None,155,0,7713.95
1,High,Low,None,141,1,14143.4
2,Medium,Adequate,Minor,171,1,17146.55
3,Medium,Low,None,157,1,12247.63
3,Medium,Adequate,None,159,1,14222.86
0,Medium,Low,None,69,0,4050.26
3,Medium,Adequate,None,114,1,10159.03
2,Low,Low,Major,87,1,9629.11
1,Medium,Adequate,Major,5,1,5292.06
0,High,Low,None,26,1,5291.36
0,Medium,Adequate,None,81,0,4305.07
1,Low,Adequate,Minor,87,0,4165.63
3,High,Adequate,None,119,1,12017.64
1,Low,Adequate,None,23,0,1395.51
3,Low,Adequate,None,101,0,5599.15
1,Low,Adequate,Major,33,1,6553.97
2,Medium,Adequate,None,167,0,8281.14
3,High,Low,None,46,1,8377.6
2,Medium,Adequate,Minor,23,1,6687.19
0,Low,Adequate,None,64,0,2843.11
1,High,Adequate,None,17,0,717.36
0,High,Adequate,Major,43,1,8248.27
0,High,Adequate,None,75,0,4692.92
0,Low,Low,Minor,56,0,3505.57
0,Medium,Adequate,None,106,0,6517.91
1,High,Adequate,None,155,0,9312.64
0,High,Adequate,None,123,0,6680.1
1,Low,Adequate,None,150,0,8890.25
1,Low,Adequate,None,161,0,6625.29
2,Medium,Adequate,Minor,138,1,14282.52
3,High,Adequate,None,162,1,17106.33
3,Medium,Adequate,None,115,1,11169.05
1,Medium,Low,None,92,1,12466.8
2,Low,Adequate,Minor,41,0,1981.23
1,Medium,Adequate,None,27,0,1600.67
1,High,Low,None,122,1,11276.62
1,Medium,Low,None,23,1,5875.78
2,High,Adequate,None,135,1,11214.59
3,High,Low,None,105,1,10979.33
2,Low,Adequate,Minor,117,0,6650.36
0,Medium,Adequate,None,52,0,3457.22
2,Low,Adequate,None,131,0,7314.3
2,High,Adequate,None,99,1,9866.93
2,Medium,Low,Minor,4,1,4228.71
2,Medium,Adequate,None,48,0,2999.01
3,High,Adequate,None,97,1,13676.97
0,Medium,Adequate,None,29,0,1224.0
3,High,Low,None,71,1,5982.67
3,Medium,Adequate,None,102,1,12095.52
2,Low,Low,None,62,1,8504.99
1,Medium,Low,None,174,1,13739.52
1,High,Low,None,25,1,7742.53
3,Medium,Low,None,36,1,8051.64
3,High,Adequate,None,6,1,6982.72
2,High,Low,None,126,1,14506.86
3,Low,Adequate,Minor,167,1,11241.9
2,High,Adequate,Major,91,1,12245.64
1,Low,Adequate,Major,166,1,17883.49
1,Low,Low,Major,102,1,11821.32
0,Low,Adequate,Minor,52,0,3454.52
1,High,Adequate,Minor,131,1,13917.97
3,Medium,Adequate,None,107,1,13232.42
1,Low,Low,Minor,111,1,14742.96
2,Medium,Adequate,None,152,0,9172.24
1,Medium,Adequate,None,6,0,314.6
0,Low,Adequate,Minor,155,0,9406.33
1,High,Low,None,66,1,9713.82
2,High,Adequate,None,107,1,11022.81
2,Medium,Low,Major,110,1,15417.2
3,High,Low,None,147,1,14405.67
1,Medium,Adequate,None,82,0,4866.01
2,High,Low,Major,123,1,11612.71
0,Medium,Low,Minor,138,1,13387.76
3,Medium,Low,None,103,1,7596.39
0,Low,Adequate,None,66,0,3737.28
1,High,Adequate,None,6,0,377.17
1,Medium,Adequate,Major,150,1,15377.74
1,Low,Adequate,None,109,0,7109.37
3,Low,Low,None,33,1,8897.68
2,Medium,Adequate,None,105,0,5355.27
3,Medium,Adequate,None,146,1,10199.96
0,High,Low,Major,57,1,8056.69
3,High,Adequate,None,8,1,3454.67
0,Low,Adequate,Minor,47,0,3225.33
3,High,Low,None,114,1,11007.87
2,Low,Low,Minor,40,1,10260.74
0,High,Low,Major,47,1,9713.28
1,High,Low,None,172,1,15602.8
1,Medium,Adequate,None,24,0,1358.92
3,High,Adequate,None,115,1,13757.71
1,Medium,Adequate,Minor,77,0,3092.36
0,Medium,Adequate,None,107,0,6681.85
1,High,Low,Major,24,1,9107.46
2,Medium,Adequate,Minor,146,1,14088.81
2,Medium,Adequate,Major,38,1,6642.64
3,Medium,Adequate,Minor,118,1,13674.5
0,High,Adequate,None,78,0,5304.81
2,Medium,Adequate,None,79,0,4445.46
2,Low,Adequate,None,26,0,1451.42
0,High,Adequate,Major,103,1,8169.0
1,High,Low,Minor,73,1,10561.4
1,Low,Low,Minor,67,1,9578.86
3,Low,Low,None,146,1,12896.01
1,Low,Low,None,27,0,1593.42
0,Medium,Adequate,Minor,122,0,8227.5
2,Medium,Adequate,None,160,0,7401.53
1,High,Adequate,None,137,0,8214.27
3,Medium,Adequate,Minor,82,1,9923.42
1,Medium,Adequate,None,29,0,1685.27
0,Medium,Low,None,21,0,943.28
3,High,Low,None,2,1,6617.34
1,Medium,Adequate,None,100,0,4903.69
3,High,Adequate,Major,104,1,11068.39
0,Medium,Adequate,None,175,0,10147.01
2,Low,Low,None,1,1,5491.12
0,Medium,Low,None,53,0,3299.2
0,Medium,Adequate,Minor,5,0,245.4
0,Medium,Low,None,106,0,6346.34
0,Low,Low,None,167,0,7473.0
2,Low,Adequate,None,122,0,7398.51
2,High,Low,None,1,1,4286.52
3,Low,Adequate,None,110,0,5803.68
1,High,Low,Minor,1,1,6901.49
2,Low,Low,Major,92,1,10381.62
2,Medium,Adequate,None,100,0,4786.11
1,Medium,Adequate,None,96,0,6379.35
2,Medium,Adequate,Major,110,1,14217.3
0,Medium,Adequate,None,5,0,229.47
0,Low,Low,Minor,126,0,7360.34
1,Low,Adequate,None,103,0,4391.05
3,Medium,Low,Major,146,1,13991.88
3,Medium,Adequate,Minor,154,1,15621.96
1,High,Adequate,Major,0,1,7053.6
1,High,Adequate,Minor,32,1,5103.47
0,High,Adequate,None,39,0,1890.57
3,High,Low,Major,31,1,5992.23
2,Medium,Low,None,16,1,4419.5
0,Low,Adequate,None,125,0,7696.34
1,High,Adequate,Minor,7,1,4934.64
3,Medium,Adequate,Minor,56,1,9040.15
2,Medium,Low,Major,41,1,8264.72
2,Low,Low,None,97,1,9729.62
0,Medium,Low,Minor,136,1,13400.95
3,Medium,Adequate,Minor,119,1,9532.73
3,High,Adequate,None,86,1,8771.32
1,Medium,Adequate,None,162,0,10384.06
3,Medium,Low,None,53,1,6665.29
3,High,Adequate,None,83,1,8009.31
0,Low,Adequate,Major,24,1,6377.81
3,Medium,Low,Minor,66,1,10415.6
2,Low,Adequate,Minor,173,0,11483.07
0,High,Adequate,Major,151,1,9539.57
0,High,Adequate,None,45,0,3075.41
1,Low,Adequate,Minor,21,0,1148.21
3,High,Low,None,138,1,12990.34
1,Low,Low,Major,175,1,18953.61
2,High,Adequate,None,7,1,5305.67
0,High,Low,Major,38,1,6290.33
0,High,Adequate,None,162,0,9147.81
0,Low,Adequate,None,48,0,2235.82
2,High,Adequate,Minor,45,1,8070.63
2,High,Adequate,None,37,1,8029.38
1,Medium,Low,Minor,135,1,16088.41
1,High,Low,None,53,1,9632.37
1,Low,Low,Minor,164,1,18547.9
3,High,Adequate,None,91,1,11096.24
0,Low,Low,None,39,0,1833.29
0,High,Low,None,33,1,5073.31
1,Medium,Adequate,None,95,0,3907.79
0,Low,Adequate,None,78,0,3407.94
1,Low,Low,None,126,0,8768.4
3,Low,Adequate,None,16,0,791.3
3,Medium,Adequate,None,160,1,13693.62
2,Medium,Low,None,174,1,11213.29
3,Medium,Low,Major,109,1,10974.7
1,Low,Low,None,51,0,3347.49
3,Low,Adequate,None,117,0,5581.9
2,High,Low,Minor,8,1,5081.8
0,Low,Adequate,None,32,0,1494.17
1,High,Adequate,Minor,112,1,9419.2
0,High,Adequate,None,148,0,6379.07
2,Medium,Low,None,84,1,9286.64
2,Medium,Adequate,None,9,0,422.08
2,High,Adequate,Minor,5,1,3777.05
0,Low,Adequate,Minor,114,0,5426.95
0,Low,Adequate,None,120,0,8185.93
0,Low,Adequate,None,140,0,9404.96
0,High,Adequate,Major,64,1,10275.22
2,Low,Adequate,None,19,0,962.02
2,Medium,Adequate,None,56,0,2880.33
1,High,Low,Major,45,1,8437.12
1,High,Low,Minor,135,1,13490.32
0,Medium,Low,None,9,0,481.94
3,Low,Adequate,Minor,112,1,15070.12
3,High,Adequate,Major,138,1,16203.89
2,Medium,Adequate,None,11,0,550.86
2,Low,Adequate,None,137,0,7784.45
